date_key,year,quarter,month,month_name,week,day,weekday_name,is_weekend,full_date
1,2014,4,10,October,42,17,Friday,False,2014-10-17
2,2014,4,10,October,42,18,Saturday,True,2014-10-18
3,2014,4,10,October,42,19,Sunday,True,2014-10-19
4,2014,4,10,October,43,20,Monday,False,2014-10-20
5,2014,4,10,October,43,21,Tuesday,False,2014-10-21
6,2014,4,10,October,43,22,Wednesday,False,2014-10-22
7,2014,4,10,October,43,23,Thursday,False,2014-10-23
8,2014,4,10,October,43,24,Friday,False,2014-10-24
9,2014,4,10,October,43,25,Saturday,True,2014-10-25
10,2014,4,10,October,43,26,Sunday,True,2014-10-26
11,2014,4,10,October,44,27,Monday,False,2014-10-27
12,2014,4,10,October,44,28,Tuesday,False,2014-10-28
13,2014,4,10,October,44,29,Wednesday,False,2014-10-29
14,2014,4,10,October,44,30,Thursday,False,2014-10-30
15,2014,4,10,October,44,31,Friday,False,2014-10-31
16,2014,4,11,November,44,1,Saturday,True,2014-11-01
17,2014,4,11,November,44,2,Sunday,True,2014-11-02
18,2014,4,11,November,45,3,Monday,False,2014-11-03
19,2014,4,11,November,45,4,Tuesday,False,2014-11-04
20,2014,4,11,November,45,5,Wednesday,False,2014-11-05
21,2014,4,11,November,45,6,Thursday,False,2014-11-06
22,2014,4,11,November,45,7,Friday,False,2014-11-07
23,2014,4,11,November,45,8,Saturday,True,2014-11-08
24,2014,4,11,November,45,9,Sunday,True,2014-11-09
25,2014,4,11,November,46,10,Monday,False,2014-11-10
26,2014,4,11,November,46,11,Tuesday,False,2014-11-11
27,2014,4,11,November,46,12,Wednesday,False,2014-11-12
28,2014,4,11,November,46,13,Thursday,False,2014-11-13
29,2014,4,11,November,46,14,Friday,False,2014-11-14
30,2014,4,11,November,46,15,Saturday,True,2014-11-15
31,2014,4,11,November,46,16,Sunday,True,2014-11-16
32,2014,4,11,November,47,17,Monday,False,2014-11-17
33,2014,4,11,November,47,18,Tuesday,False,2014-11-18
34,2014,4,11,November,47,19,Wednesday,False,2014-11-19
35,2014,4,11,November,47,20,Thursday,False,2014-11-20
36,2014,4,11,November,47,21,Friday,False,2014-11-21
37,2014,4,11,November,47,22,Saturday,True,2014-11-22
38,2014,4,11,November,47,23,Sunday,True,2014-11-23
39,2014,4,11,November,48,24,Monday,False,2014-11-24
40,2014,4,11,November,48,25,Tuesday,False,2014-11-25
41,2014,4,11,November,48,26,Wednesday,False,2014-11-26
42,2014,4,11,November,48,27,Thursday,False,2014-11-27
43,2014,4,11,November,48,28,Friday,False,2014-11-28
44,2014,4,11,November,48,29,Saturday,True,2014-11-29
45,2014,4,11,November,48,30,Sunday,True,2014-11-30
46,2014,4,12,December,49,1,Monday,False,2014-12-01
47,2014,4,12,December,49,2,Tuesday,False,2014-12-02
48,2014,4,12,December,49,3,Wednesday,False,2014-12-03
49,2014,4,12,December,49,4,Thursday,False,2014-12-04
50,2014,4,12,December,49,5,Friday,False,2014-12-05
51,2014,4,12,December,49,6,Saturday,True,2014-12-06
52,2014,4,12,December,49,7,Sunday,True,2014-12-07
53,2014,4,12,December,50,8,Monday,False,2014-12-08
54,2014,4,12,December,50,9,Tuesday,False,2014-12-09
55,2014,4,12,December,50,10,Wednesday,False,2014-12-10
56,2014,4,12,December,50,11,Thursday,False,2014-12-11
57,2014,4,12,December,50,12,Friday,False,2014-12-12
58,2014,4,12,December,50,13,Saturday,True,2014-12-13
59,2014,4,12,December,50,14,Sunday,True,2014-12-14
60,2014,4,12,December,51,15,Monday,False,2014-12-15
61,2014,4,12,December,51,16,Tuesday,False,2014-12-16
62,2014,4,12,December,51,17,Wednesday,False,2014-12-17
63,2014,4,12,December,51,18,Thursday,False,2014-12-18
64,2014,4,12,December,51,19,Friday,False,2014-12-19
65,2014,4,12,December,51,20,Saturday,True,2014-12-20
66,2014,4,12,December,51,21,Sunday,True,2014-12-21
67,2014,4,12,December,52,22,Monday,False,2014-12-22
68,2014,4,12,December,52,23,Tuesday,False,2014-12-23
69,2014,4,12,December,52,24,Wednesday,False,2014-12-24
70,2014,4,12,December,52,25,Thursday,False,2014-12-25
71,2014,4,12,December,52,26,Friday,False,2014-12-26
72,2014,4,12,December,52,27,Saturday,True,2014-12-27
73,2014,4,12,December,52,28,Sunday,True,2014-12-28
74,2014,4,12,December,1,29,Monday,False,2014-12-29
75,2014,4,12,December,1,30,Tuesday,False,2014-12-30
76,2014,4,12,December,1,31,Wednesday,False,2014-12-31
77,2015,1,1,January,1,1,Thursday,False,2015-01-01
78,2015,1,1,January,1,2,Friday,False,2015-01-02
79,2015,1,1,January,1,3,Saturday,True,2015-01-03
80,2015,1,1,January,1,4,Sunday,True,2015-01-04
81,2015,1,1,January,2,5,Monday,False,2015-01-05
82,2015,1,1,January,2,6,Tuesday,False,2015-01-06
83,2015,1,1,January,2,7,Wednesday,False,2015-01-07
84,2015,1,1,January,2,8,Thursday,False,2015-01-08
85,2015,1,1,January,2,9,Friday,False,2015-01-09
86,2015,1,1,January,2,10,Saturday,True,2015-01-10
87,2015,1,1,January,2,11,Sunday,True,2015-01-11
88,2015,1,1,January,3,12,Monday,False,2015-01-12
89,2015,1,1,January,3,13,Tuesday,False,2015-01-13
90,2015,1,1,January,3,14,Wednesday,False,2015-01-14
91,2015,1,1,January,3,15,Thursday,False,2015-01-15
92,2015,1,1,January,3,16,Friday,False,2015-01-16
93,2015,1,1,January,3,17,Saturday,True,2015-01-17
94,2015,1,1,January,3,18,Sunday,True,2015-01-18
95,2015,1,1,January,4,19,Monday,False,2015-01-19
96,2015,1,1,January,4,20,Tuesday,False,2015-01-20
97,2015,1,1,January,4,21,Wednesday,False,2015-01-21
98,2015,1,1,January,4,22,Thursday,False,2015-01-22
99,2015,1,1,January,4,23,Friday,False,2015-01-23
100,2015,1,1,January,4,24,Saturday,True,2015-01-24
101,2015,1,1,January,4,25,Sunday,True,2015-01-25
102,2015,1,1,January,5,26,Monday,False,2015-01-26
103,2015,1,1,January,5,27,Tuesday,False,2015-01-27
104,2015,1,1,January,5,28,Wednesday,False,2015-01-28
105,2015,1,1,January,5,29,Thursday,False,2015-01-29
106,2015,1,1,January,5,30,Friday,False,2015-01-30
107,2015,1,1,January,5,31,Saturday,True,2015-01-31
108,2015,1,2,February,5,1,Sunday,True,2015-02-01
109,2015,1,2,February,6,2,Monday,False,2015-02-02
110,2015,1,2,February,6,3,Tuesday,False,2015-02-03
111,2015,1,2,February,6,4,Wednesday,False,2015-02-04
112,2015,1,2,February,6,5,Thursday,False,2015-02-05
113,2015,1,2,February,6,6,Friday,False,2015-02-06
114,2015,1,2,February,6,7,Saturday,True,2015-02-07
115,2015,1,2,February,6,8,Sunday,True,2015-02-08
116,2015,1,2,February,7,9,Monday,False,2015-02-09
117,2015,1,2,February,7,10,Tuesday,False,2015-02-10
118,2015,1,2,February,7,11,Wednesday,False,2015-02-11
119,2015,1,2,February,7,12,Thursday,False,2015-02-12
120,2015,1,2,February,7,13,Friday,False,2015-02-13
121,2015,1,2,February,7,14,Saturday,True,2015-02-14
122,2015,1,2,February,7,15,Sunday,True,2015-02-15
123,2015,1,2,February,8,16,Monday,False,2015-02-16
124,2015,1,2,February,8,17,Tuesday,False,2015-02-17
125,2015,1,2,February,8,18,Wednesday,False,2015-02-18
126,2015,1,2,February,8,19,Thursday,False,2015-02-19
127,2015,1,2,February,8,20,Friday,False,2015-02-20
128,2015,1,2,February,8,21,Saturday,True,2015-02-21
129,2015,1,2,February,8,22,Sunday,True,2015-02-22
130,2015,1,2,February,9,23,Monday,False,2015-02-23
131,2015,1,2,February,9,24,Tuesday,False,2015-02-24
132,2015,1,2,February,9,25,Wednesday,False,2015-02-25
133,2015,1,2,February,9,26,Thursday,False,2015-02-26
134,2015,1,2,February,9,27,Friday,False,2015-02-27
135,2015,1,2,February,9,28,Saturday,True,2015-02-28
136,2015,1,3,March,9,1,Sunday,True,2015-03-01
137,2015,1,3,March,10,2,Monday,False,2015-03-02
138,2015,1,3,March,10,3,Tuesday,False,2015-03-03
139,2015,1,3,March,10,4,Wednesday,False,2015-03-04
140,2015,1,3,March,10,5,Thursday,False,2015-03-05
141,2015,1,3,March,10,6,Friday,False,2015-03-06
142,2015,1,3,March,10,7,Saturday,True,2015-03-07
143,2015,1,3,March,10,8,Sunday,True,2015-03-08
144,2015,1,3,March,11,9,Monday,False,2015-03-09
145,2015,1,3,March,11,10,Tuesday,False,2015-03-10
146,2015,1,3,March,11,11,Wednesday,False,2015-03-11
147,2015,1,3,March,11,12,Thursday,False,2015-03-12
148,2015,1,3,March,11,13,Friday,False,2015-03-13
149,2015,1,3,March,11,14,Saturday,True,2015-03-14
150,2015,1,3,March,11,15,Sunday,True,2015-03-15
151,2015,1,3,March,12,16,Monday,False,2015-03-16
152,2015,1,3,March,12,17,Tuesday,False,2015-03-17
153,2015,1,3,March,12,18,Wednesday,False,2015-03-18
154,2015,1,3,March,12,19,Thursday,False,2015-03-19
155,2015,1,3,March,12,20,Friday,False,2015-03-20
156,2015,1,3,March,12,21,Saturday,True,2015-03-21
157,2015,1,3,March,12,22,Sunday,True,2015-03-22
158,2015,1,3,March,13,23,Monday,False,2015-03-23
159,2015,1,3,March,13,24,Tuesday,False,2015-03-24
160,2015,1,3,March,13,25,Wednesday,False,2015-03-25
161,2015,1,3,March,13,26,Thursday,False,2015-03-26
162,2015,1,3,March,13,27,Friday,False,2015-03-27
163,2015,1,3,March,13,28,Saturday,True,2015-03-28
164,2015,1,3,March,13,29,Sunday,True,2015-03-29
165,2015,1,3,March,14,30,Monday,False,2015-03-30
166,2015,1,3,March,14,31,Tuesday,False,2015-03-31
167,2015,2,4,April,14,1,Wednesday,False,2015-04-01
168,2015,2,4,April,14,2,Thursday,False,2015-04-02
169,2015,2,4,April,14,3,Friday,False,2015-04-03
170,2015,2,4,April,14,4,Saturday,True,2015-04-04
171,2015,2,4,April,14,5,Sunday,True,2015-04-05
172,2015,2,4,April,15,6,Monday,False,2015-04-06
173,2015,2,4,April,15,7,Tuesday,False,2015-04-07
174,2015,2,4,April,15,8,Wednesday,False,2015-04-08
175,2015,2,4,April,15,9,Thursday,False,2015-04-09
176,2015,2,4,April,15,10,Friday,False,2015-04-10
177,2015,2,4,April,15,11,Saturday,True,2015-04-11
178,2015,2,4,April,15,12,Sunday,True,2015-04-12
179,2015,2,4,April,16,13,Monday,False,2015-04-13
180,2015,2,4,April,16,14,Tuesday,False,2015-04-14
181,2015,2,4,April,16,15,Wednesday,False,2015-04-15
182,2015,2,4,April,16,16,Thursday,False,2015-04-16
183,2015,2,4,April,16,17,Friday,False,2015-04-17
184,2015,2,4,April,16,18,Saturday,True,2015-04-18
185,2015,2,4,April,16,19,Sunday,True,2015-04-19
186,2015,2,4,April,17,20,Monday,False,2015-04-20
187,2015,2,4,April,17,21,Tuesday,False,2015-04-21
188,2015,2,4,April,17,22,Wednesday,False,2015-04-22
189,2015,2,4,April,17,23,Thursday,False,2015-04-23
190,2015,2,4,April,17,24,Friday,False,2015-04-24
191,2015,2,4,April,17,25,Saturday,True,2015-04-25
192,2015,2,4,April,17,26,Sunday,True,2015-04-26
193,2015,2,4,April,18,27,Monday,False,2015-04-27
194,2015,2,4,April,18,28,Tuesday,False,2015-04-28
195,2015,2,4,April,18,29,Wednesday,False,2015-04-29
196,2015,2,4,April,18,30,Thursday,False,2015-04-30
197,2015,2,5,May,18,1,Friday,False,2015-05-01
198,2015,2,5,May,18,2,Saturday,True,2015-05-02
199,2015,2,5,May,18,3,Sunday,True,2015-05-03
200,2015,2,5,May,19,4,Monday,False,2015-05-04
201,2015,2,5,May,19,5,Tuesday,False,2015-05-05
202,2015,2,5,May,19,6,Wednesday,False,2015-05-06
203,2015,2,5,May,19,7,Thursday,False,2015-05-07
204,2015,2,5,May,19,8,Friday,False,2015-05-08
205,2015,2,5,May,19,9,Saturday,True,2015-05-09
206,2015,2,5,May,19,10,Sunday,True,2015-05-10
207,2015,2,5,May,20,11,Monday,False,2015-05-11
208,2015,2,5,May,20,12,Tuesday,False,2015-05-12
209,2015,2,5,May,20,13,Wednesday,False,2015-05-13
210,2015,2,5,May,20,14,Thursday,False,2015-05-14
211,2015,2,5,May,20,15,Friday,False,2015-05-15
212,2015,2,5,May,20,16,Saturday,True,2015-05-16
213,2015,2,5,May,20,17,Sunday,True,2015-05-17
214,2015,2,5,May,21,18,Monday,False,2015-05-18
215,2015,2,5,May,21,19,Tuesday,False,2015-05-19
216,2015,2,5,May,21,20,Wednesday,False,2015-05-20
217,2015,2,5,May,21,21,Thursday,False,2015-05-21
218,2015,2,5,May,21,22,Friday,False,2015-05-22
219,2015,2,5,May,21,23,Saturday,True,2015-05-23
220,2015,2,5,May,21,24,Sunday,True,2015-05-24
221,2015,2,5,May,22,25,Monday,False,2015-05-25
222,2015,2,5,May,22,26,Tuesday,False,2015-05-26
223,2015,2,5,May,22,27,Wednesday,False,2015-05-27
224,2015,2,5,May,22,28,Thursday,False,2015-05-28
225,2015,2,5,May,22,29,Friday,False,2015-05-29
226,2015,2,5,May,22,30,Saturday,True,2015-05-30
227,2015,2,5,May,22,31,Sunday,True,2015-05-31
228,2015,2,6,June,23,1,Monday,False,2015-06-01
229,2015,2,6,June,23,2,Tuesday,False,2015-06-02
230,2015,2,6,June,23,3,Wednesday,False,2015-06-03
231,2015,2,6,June,23,4,Thursday,False,2015-06-04
232,2015,2,6,June,23,5,Friday,False,2015-06-05
233,2015,2,6,June,23,6,Saturday,True,2015-06-06
234,2015,2,6,June,23,7,Sunday,True,2015-06-07
235,2015,2,6,June,24,8,Monday,False,2015-06-08
236,2015,2,6,June,24,9,Tuesday,False,2015-06-09
237,2015,2,6,June,24,10,Wednesday,False,2015-06-10
238,2015,2,6,June,24,11,Thursday,False,2015-06-11
239,2015,2,6,June,24,12,Friday,False,2015-06-12
240,2015,2,6,June,24,13,Saturday,True,2015-06-13
241,2015,2,6,June,24,14,Sunday,True,2015-06-14
242,2015,2,6,June,25,15,Monday,False,2015-06-15
243,2015,2,6,June,25,16,Tuesday,False,2015-06-16
244,2015,2,6,June,25,17,Wednesday,False,2015-06-17
245,2015,2,6,June,25,18,Thursday,False,2015-06-18
246,2015,2,6,June,25,19,Friday,False,2015-06-19
247,2015,2,6,June,25,20,Saturday,True,2015-06-20
248,2015,2,6,June,25,21,Sunday,True,2015-06-21
249,2015,2,6,June,26,22,Monday,False,2015-06-22
250,2015,2,6,June,26,23,Tuesday,False,2015-06-23
251,2015,2,6,June,26,24,Wednesday,False,2015-06-24
252,2015,2,6,June,26,25,Thursday,False,2015-06-25
253,2015,2,6,June,26,26,Friday,False,2015-06-26
254,2015,2,6,June,26,27,Saturday,True,2015-06-27
255,2015,2,6,June,26,28,Sunday,True,2015-06-28
256,2015,2,6,June,27,29,Monday,False,2015-06-29
257,2015,2,6,June,27,30,Tuesday,False,2015-06-30
258,2015,3,7,July,27,1,Wednesday,False,2015-07-01
259,2015,3,7,July,27,2,Thursday,False,2015-07-02
260,2015,3,7,July,27,3,Friday,False,2015-07-03
261,2015,3,7,July,27,4,Saturday,True,2015-07-04
262,2015,3,7,July,27,5,Sunday,True,2015-07-05
263,2015,3,7,July,28,6,Monday,False,2015-07-06
264,2015,3,7,July,28,7,Tuesday,False,2015-07-07
265,2015,3,7,July,28,8,Wednesday,False,2015-07-08
266,2015,3,7,July,28,9,Thursday,False,2015-07-09
267,2015,3,7,July,28,10,Friday,False,2015-07-10
268,2015,3,7,July,28,11,Saturday,True,2015-07-11
269,2015,3,7,July,28,12,Sunday,True,2015-07-12
270,2015,3,7,July,29,13,Monday,False,2015-07-13
271,2015,3,7,July,29,14,Tuesday,False,2015-07-14
272,2015,3,7,July,29,15,Wednesday,False,2015-07-15
273,2015,3,7,July,29,16,Thursday,False,2015-07-16
274,2015,3,7,July,29,17,Friday,False,2015-07-17
275,2015,3,7,July,29,18,Saturday,True,2015-07-18
276,2015,3,7,July,29,19,Sunday,True,2015-07-19
277,2015,3,7,July,30,20,Monday,False,2015-07-20
278,2015,3,7,July,30,21,Tuesday,False,2015-07-21
279,2015,3,7,July,30,22,Wednesday,False,2015-07-22
280,2015,3,7,July,30,23,Thursday,False,2015-07-23
281,2015,3,7,July,30,24,Friday,False,2015-07-24
282,2015,3,7,July,30,25,Saturday,True,2015-07-25
283,2015,3,7,July,30,26,Sunday,True,2015-07-26
284,2015,3,7,July,31,27,Monday,False,2015-07-27
285,2015,3,7,July,31,28,Tuesday,False,2015-07-28
286,2015,3,7,July,31,29,Wednesday,False,2015-07-29
287,2015,3,7,July,31,30,Thursday,False,2015-07-30
288,2015,3,7,July,31,31,Friday,False,2015-07-31
289,2015,3,8,August,31,1,Saturday,True,2015-08-01
290,2015,3,8,August,31,2,Sunday,True,2015-08-02
291,2015,3,8,August,32,3,Monday,False,2015-08-03
292,2015,3,8,August,32,4,Tuesday,False,2015-08-04
293,2015,3,8,August,32,5,Wednesday,False,2015-08-05
294,2015,3,8,August,32,6,Thursday,False,2015-08-06
295,2015,3,8,August,32,7,Friday,False,2015-08-07
296,2015,3,8,August,32,8,Saturday,True,2015-08-08
297,2015,3,8,August,32,9,Sunday,True,2015-08-09
298,2015,3,8,August,33,10,Monday,False,2015-08-10
299,2015,3,8,August,33,11,Tuesday,False,2015-08-11
300,2015,3,8,August,33,12,Wednesday,False,2015-08-12
301,2015,3,8,August,33,13,Thursday,False,2015-08-13
302,2015,3,8,August,33,14,Friday,False,2015-08-14
303,2015,3,8,August,33,15,Saturday,True,2015-08-15
304,2015,3,8,August,33,16,Sunday,True,2015-08-16
305,2015,3,8,August,34,17,Monday,False,2015-08-17
306,2015,3,8,August,34,18,Tuesday,False,2015-08-18
307,2015,3,8,August,34,19,Wednesday,False,2015-08-19
308,2015,3,8,August,34,20,Thursday,False,2015-08-20
309,2015,3,8,August,34,21,Friday,False,2015-08-21
310,2015,3,8,August,34,22,Saturday,True,2015-08-22
311,2015,3,8,August,34,23,Sunday,True,2015-08-23
312,2015,3,8,August,35,24,Monday,False,2015-08-24
313,2015,3,8,August,35,25,Tuesday,False,2015-08-25
314,2015,3,8,August,35,26,Wednesday,False,2015-08-26
315,2015,3,8,August,35,27,Thursday,False,2015-08-27
316,2015,3,8,August,35,28,Friday,False,2015-08-28
317,2015,3,8,August,35,29,Saturday,True,2015-08-29
318,2015,3,8,August,35,30,Sunday,True,2015-08-30
319,2015,3,8,August,36,31,Monday,False,2015-08-31
320,2015,3,9,September,36,1,Tuesday,False,2015-09-01
321,2015,3,9,September,36,2,Wednesday,False,2015-09-02
322,2015,3,9,September,36,3,Thursday,False,2015-09-03
323,2015,3,9,September,36,4,Friday,False,2015-09-04
324,2015,3,9,September,36,5,Saturday,True,2015-09-05
325,2015,3,9,September,36,6,Sunday,True,2015-09-06
326,2015,3,9,September,37,7,Monday,False,2015-09-07
327,2015,3,9,September,37,8,Tuesday,False,2015-09-08
328,2015,3,9,September,37,9,Wednesday,False,2015-09-09
329,2015,3,9,September,37,10,Thursday,False,2015-09-10
330,2015,3,9,September,37,11,Friday,False,2015-09-11
331,2015,3,9,September,37,12,Saturday,True,2015-09-12
332,2015,3,9,September,37,13,Sunday,True,2015-09-13
333,2015,3,9,September,38,14,Monday,False,2015-09-14
334,2015,3,9,September,38,15,Tuesday,False,2015-09-15
335,2015,3,9,September,38,16,Wednesday,False,2015-09-16
336,2015,3,9,September,38,17,Thursday,False,2015-09-17
337,2015,3,9,September,38,18,Friday,False,2015-09-18
338,2015,3,9,September,38,19,Saturday,True,2015-09-19
339,2015,3,9,September,38,20,Sunday,True,2015-09-20
340,2015,3,9,September,39,21,Monday,False,2015-09-21
341,2015,3,9,September,39,22,Tuesday,False,2015-09-22
342,2015,3,9,September,39,23,Wednesday,False,2015-09-23
343,2015,3,9,September,39,24,Thursday,False,2015-09-24
344,2015,3,9,September,39,25,Friday,False,2015-09-25
345,2015,3,9,September,39,26,Saturday,True,2015-09-26
346,2015,3,9,September,39,27,Sunday,True,2015-09-27
347,2015,3,9,September,40,28,Monday,False,2015-09-28
348,2015,3,9,September,40,29,Tuesday,False,2015-09-29
349,2015,3,9,September,40,30,Wednesday,False,2015-09-30
350,2015,4,10,October,40,1,Thursday,False,2015-10-01
351,2015,4,10,October,40,2,Friday,False,2015-10-02
352,2015,4,10,October,40,3,Saturday,True,2015-10-03
353,2015,4,10,October,40,4,Sunday,True,2015-10-04
354,2015,4,10,October,41,5,Monday,False,2015-10-05
355,2015,4,10,October,41,6,Tuesday,False,2015-10-06
356,2015,4,10,October,41,7,Wednesday,False,2015-10-07
357,2015,4,10,October,41,8,Thursday,False,2015-10-08
358,2015,4,10,October,41,9,Friday,False,2015-10-09
359,2015,4,10,October,41,10,Saturday,True,2015-10-10
360,2015,4,10,October,41,11,Sunday,True,2015-10-11
361,2015,4,10,October,42,12,Monday,False,2015-10-12
362,2015,4,10,October,42,13,Tuesday,False,2015-10-13
363,2015,4,10,October,42,14,Wednesday,False,2015-10-14
364,2015,4,10,October,42,15,Thursday,False,2015-10-15
365,2015,4,10,October,42,16,Friday,False,2015-10-16
366,2015,4,10,October,42,17,Saturday,True,2015-10-17
367,2015,4,10,October,42,18,Sunday,True,2015-10-18
368,2015,4,10,October,43,19,Monday,False,2015-10-19
369,2015,4,10,October,43,20,Tuesday,False,2015-10-20
370,2015,4,10,October,43,21,Wednesday,False,2015-10-21
371,2015,4,10,October,43,22,Thursday,False,2015-10-22
372,2015,4,10,October,43,23,Friday,False,2015-10-23
373,2015,4,10,October,43,24,Saturday,True,2015-10-24
374,2015,4,10,October,43,25,Sunday,True,2015-10-25
375,2015,4,10,October,44,26,Monday,False,2015-10-26
376,2015,4,10,October,44,27,Tuesday,False,2015-10-27
377,2015,4,10,October,44,28,Wednesday,False,2015-10-28
378,2015,4,10,October,44,29,Thursday,False,2015-10-29
379,2015,4,10,October,44,30,Friday,False,2015-10-30
380,2015,4,10,October,44,31,Saturday,True,2015-10-31
381,2015,4,11,November,44,1,Sunday,True,2015-11-01
382,2015,4,11,November,45,2,Monday,False,2015-11-02
383,2015,4,11,November,45,3,Tuesday,False,2015-11-03
384,2015,4,11,November,45,4,Wednesday,False,2015-11-04
385,2015,4,11,November,45,5,Thursday,False,2015-11-05
386,2015,4,11,November,45,6,Friday,False,2015-11-06
387,2015,4,11,November,45,7,Saturday,True,2015-11-07
388,2015,4,11,November,45,8,Sunday,True,2015-11-08
389,2015,4,11,November,46,9,Monday,False,2015-11-09
390,2015,4,11,November,46,10,Tuesday,False,2015-11-10
391,2015,4,11,November,46,11,Wednesday,False,2015-11-11
392,2015,4,11,November,46,12,Thursday,False,2015-11-12
393,2015,4,11,November,46,13,Friday,False,2015-11-13
394,2015,4,11,November,46,14,Saturday,True,2015-11-14
395,2015,4,11,November,46,15,Sunday,True,2015-11-15
396,2015,4,11,November,47,16,Monday,False,2015-11-16
397,2015,4,11,November,47,17,Tuesday,False,2015-11-17
398,2015,4,11,November,47,18,Wednesday,False,2015-11-18
399,2015,4,11,November,47,19,Thursday,False,2015-11-19
400,2015,4,11,November,47,20,Friday,False,2015-11-20
401,2015,4,11,November,47,21,Saturday,True,2015-11-21
402,2015,4,11,November,47,22,Sunday,True,2015-11-22
403,2015,4,11,November,48,23,Monday,False,2015-11-23
404,2015,4,11,November,48,24,Tuesday,False,2015-11-24
405,2015,4,11,November,48,25,Wednesday,False,2015-11-25
406,2015,4,11,November,48,26,Thursday,False,2015-11-26
407,2015,4,11,November,48,27,Friday,False,2015-11-27
408,2015,4,11,November,48,28,Saturday,True,2015-11-28
409,2015,4,11,November,48,29,Sunday,True,2015-11-29
410,2015,4,11,November,49,30,Monday,False,2015-11-30
411,2015,4,12,December,49,1,Tuesday,False,2015-12-01
412,2015,4,12,December,49,2,Wednesday,False,2015-12-02
413,2015,4,12,December,49,3,Thursday,False,2015-12-03
414,2015,4,12,December,49,4,Friday,False,2015-12-04
415,2015,4,12,December,49,5,Saturday,True,2015-12-05
416,2015,4,12,December,49,6,Sunday,True,2015-12-06
417,2015,4,12,December,50,7,Monday,False,2015-12-07
418,2015,4,12,December,50,8,Tuesday,False,2015-12-08
419,2015,4,12,December,50,9,Wednesday,False,2015-12-09
420,2015,4,12,December,50,10,Thursday,False,2015-12-10
421,2015,4,12,December,50,11,Friday,False,2015-12-11
422,2015,4,12,December,50,12,Saturday,True,2015-12-12
423,2015,4,12,December,50,13,Sunday,True,2015-12-13
424,2015,4,12,December,51,14,Monday,False,2015-12-14
425,2015,4,12,December,51,15,Tuesday,False,2015-12-15
426,2015,4,12,December,51,16,Wednesday,False,2015-12-16
427,2015,4,12,December,51,17,Thursday,False,2015-12-17
428,2015,4,12,December,51,18,Friday,False,2015-12-18
429,2015,4,12,December,51,19,Saturday,True,2015-12-19
430,2015,4,12,December,51,20,Sunday,True,2015-12-20
431,2015,4,12,December,52,21,Monday,False,2015-12-21
432,2015,4,12,December,52,22,Tuesday,False,2015-12-22
433,2015,4,12,December,52,23,Wednesday,False,2015-12-23
434,2015,4,12,December,52,24,Thursday,False,2015-12-24
435,2015,4,12,December,52,25,Friday,False,2015-12-25
436,2015,4,12,December,52,26,Saturday,True,2015-12-26
437,2015,4,12,December,52,27,Sunday,True,2015-12-27
438,2015,4,12,December,53,28,Monday,False,2015-12-28
439,2015,4,12,December,53,29,Tuesday,False,2015-12-29
440,2015,4,12,December,53,30,Wednesday,False,2015-12-30
441,2015,4,12,December,53,31,Thursday,False,2015-12-31
442,2016,1,1,January,53,1,Friday,False,2016-01-01
443,2016,1,1,January,53,2,Saturday,True,2016-01-02
444,2016,1,1,January,53,3,Sunday,True,2016-01-03
445,2016,1,1,January,1,4,Monday,False,2016-01-04
446,2016,1,1,January,1,5,Tuesday,False,2016-01-05
447,2016,1,1,January,1,6,Wednesday,False,2016-01-06
448,2016,1,1,January,1,7,Thursday,False,2016-01-07
449,2016,1,1,January,1,8,Friday,False,2016-01-08
450,2016,1,1,January,1,9,Saturday,True,2016-01-09
451,2016,1,1,January,1,10,Sunday,True,2016-01-10
452,2016,1,1,January,2,11,Monday,False,2016-01-11
453,2016,1,1,January,2,12,Tuesday,False,2016-01-12
454,2016,1,1,January,2,13,Wednesday,False,2016-01-13
455,2016,1,1,January,2,14,Thursday,False,2016-01-14
456,2016,1,1,January,2,15,Friday,False,2016-01-15
457,2016,1,1,January,2,16,Saturday,True,2016-01-16
458,2016,1,1,January,2,17,Sunday,True,2016-01-17
459,2016,1,1,January,3,18,Monday,False,2016-01-18
460,2016,1,1,January,3,19,Tuesday,False,2016-01-19
461,2016,1,1,January,3,20,Wednesday,False,2016-01-20
462,2016,1,1,January,3,21,Thursday,False,2016-01-21
463,2016,1,1,January,3,22,Friday,False,2016-01-22
464,2016,1,1,January,3,23,Saturday,True,2016-01-23
465,2016,1,1,January,3,24,Sunday,True,2016-01-24
466,2016,1,1,January,4,25,Monday,False,2016-01-25
467,2016,1,1,January,4,26,Tuesday,False,2016-01-26
468,2016,1,1,January,4,27,Wednesday,False,2016-01-27
469,2016,1,1,January,4,28,Thursday,False,2016-01-28
470,2016,1,1,January,4,29,Friday,False,2016-01-29
471,2016,1,1,January,4,30,Saturday,True,2016-01-30
472,2016,1,1,January,4,31,Sunday,True,2016-01-31
473,2016,1,2,February,5,1,Monday,False,2016-02-01
474,2016,1,2,February,5,2,Tuesday,False,2016-02-02
475,2016,1,2,February,5,3,Wednesday,False,2016-02-03
476,2016,1,2,February,5,4,Thursday,False,2016-02-04
477,2016,1,2,February,5,5,Friday,False,2016-02-05
478,2016,1,2,February,5,6,Saturday,True,2016-02-06
479,2016,1,2,February,5,7,Sunday,True,2016-02-07
480,2016,1,2,February,6,8,Monday,False,2016-02-08
481,2016,1,2,February,6,9,Tuesday,False,2016-02-09
482,2016,1,2,February,6,10,Wednesday,False,2016-02-10
483,2016,1,2,February,6,11,Thursday,False,2016-02-11
484,2016,1,2,February,6,12,Friday,False,2016-02-12
485,2016,1,2,February,6,13,Saturday,True,2016-02-13
486,2016,1,2,February,6,14,Sunday,True,2016-02-14
487,2016,1,2,February,7,15,Monday,False,2016-02-15
488,2016,1,2,February,7,16,Tuesday,False,2016-02-16
489,2016,1,2,February,7,17,Wednesday,False,2016-02-17
490,2016,1,2,February,7,18,Thursday,False,2016-02-18
491,2016,1,2,February,7,19,Friday,False,2016-02-19
492,2016,1,2,February,7,20,Saturday,True,2016-02-20
493,2016,1,2,February,7,21,Sunday,True,2016-02-21
494,2016,1,2,February,8,22,Monday,False,2016-02-22
495,2016,1,2,February,8,23,Tuesday,False,2016-02-23
496,2016,1,2,February,8,24,Wednesday,False,2016-02-24
497,2016,1,2,February,8,25,Thursday,False,2016-02-25
498,2016,1,2,February,8,26,Friday,False,2016-02-26
499,2016,1,2,February,8,27,Saturday,True,2016-02-27
500,2016,1,2,February,8,28,Sunday,True,2016-02-28
501,2016,1,2,February,9,29,Monday,False,2016-02-29
502,2016,1,3,March,9,1,Tuesday,False,2016-03-01
503,2016,1,3,March,9,2,Wednesday,False,2016-03-02
504,2016,1,3,March,9,3,Thursday,False,2016-03-03
505,2016,1,3,March,9,4,Friday,False,2016-03-04
506,2016,1,3,March,9,5,Saturday,True,2016-03-05
507,2016,1,3,March,9,6,Sunday,True,2016-03-06
508,2016,1,3,March,10,7,Monday,False,2016-03-07
509,2016,1,3,March,10,8,Tuesday,False,2016-03-08
510,2016,1,3,March,10,9,Wednesday,False,2016-03-09
511,2016,1,3,March,10,10,Thursday,False,2016-03-10
512,2016,1,3,March,10,11,Friday,False,2016-03-11
513,2016,1,3,March,10,12,Saturday,True,2016-03-12
514,2016,1,3,March,10,13,Sunday,True,2016-03-13
515,2016,1,3,March,11,14,Monday,False,2016-03-14
516,2016,1,3,March,11,15,Tuesday,False,2016-03-15
517,2016,1,3,March,11,16,Wednesday,False,2016-03-16
518,2016,1,3,March,11,17,Thursday,False,2016-03-17
519,2016,1,3,March,11,18,Friday,False,2016-03-18
520,2016,1,3,March,11,19,Saturday,True,2016-03-19
521,2016,1,3,March,11,20,Sunday,True,2016-03-20
522,2016,1,3,March,12,21,Monday,False,2016-03-21
523,2016,1,3,March,12,22,Tuesday,False,2016-03-22
524,2016,1,3,March,12,23,Wednesday,False,2016-03-23
525,2016,1,3,March,12,24,Thursday,False,2016-03-24
526,2016,1,3,March,12,25,Friday,False,2016-03-25
527,2016,1,3,March,12,26,Saturday,True,2016-03-26
528,2016,1,3,March,12,27,Sunday,True,2016-03-27
529,2016,1,3,March,13,28,Monday,False,2016-03-28
530,2016,1,3,March,13,29,Tuesday,False,2016-03-29
531,2016,1,3,March,13,30,Wednesday,False,2016-03-30
532,2016,1,3,March,13,31,Thursday,False,2016-03-31
533,2016,2,4,April,13,1,Friday,False,2016-04-01
534,2016,2,4,April,13,2,Saturday,True,2016-04-02
535,2016,2,4,April,13,3,Sunday,True,2016-04-03
536,2016,2,4,April,14,4,Monday,False,2016-04-04
537,2016,2,4,April,14,5,Tuesday,False,2016-04-05
538,2016,2,4,April,14,6,Wednesday,False,2016-04-06
539,2016,2,4,April,14,7,Thursday,False,2016-04-07
540,2016,2,4,April,14,8,Friday,False,2016-04-08
541,2016,2,4,April,14,9,Saturday,True,2016-04-09
542,2016,2,4,April,14,10,Sunday,True,2016-04-10
543,2016,2,4,April,15,11,Monday,False,2016-04-11
544,2016,2,4,April,15,12,Tuesday,False,2016-04-12
545,2016,2,4,April,15,13,Wednesday,False,2016-04-13
546,2016,2,4,April,15,14,Thursday,False,2016-04-14
547,2016,2,4,April,15,15,Friday,False,2016-04-15
548,2016,2,4,April,15,16,Saturday,True,2016-04-16
549,2016,2,4,April,15,17,Sunday,True,2016-04-17
550,2016,2,4,April,16,18,Monday,False,2016-04-18
551,2016,2,4,April,16,19,Tuesday,False,2016-04-19
552,2016,2,4,April,16,20,Wednesday,False,2016-04-20
553,2016,2,4,April,16,21,Thursday,False,2016-04-21
554,2016,2,4,April,16,22,Friday,False,2016-04-22
555,2016,2,4,April,16,23,Saturday,True,2016-04-23
556,2016,2,4,April,16,24,Sunday,True,2016-04-24
557,2016,2,4,April,17,25,Monday,False,2016-04-25
558,2016,2,4,April,17,26,Tuesday,False,2016-04-26
559,2016,2,4,April,17,27,Wednesday,False,2016-04-27
560,2016,2,4,April,17,28,Thursday,False,2016-04-28
561,2016,2,4,April,17,29,Friday,False,2016-04-29
562,2016,2,4,April,17,30,Saturday,True,2016-04-30
563,2016,2,5,May,17,1,Sunday,True,2016-05-01
564,2016,2,5,May,18,2,Monday,False,2016-05-02
565,2016,2,5,May,18,3,Tuesday,False,2016-05-03
566,2016,2,5,May,18,4,Wednesday,False,2016-05-04
567,2016,2,5,May,18,5,Thursday,False,2016-05-05
568,2016,2,5,May,18,6,Friday,False,2016-05-06
569,2016,2,5,May,18,7,Saturday,True,2016-05-07
570,2016,2,5,May,18,8,Sunday,True,2016-05-08
571,2016,2,5,May,19,9,Monday,False,2016-05-09
572,2016,2,5,May,19,10,Tuesday,False,2016-05-10
573,2016,2,5,May,19,11,Wednesday,False,2016-05-11
574,2016,2,5,May,19,12,Thursday,False,2016-05-12
575,2016,2,5,May,19,13,Friday,False,2016-05-13
576,2016,2,5,May,19,14,Saturday,True,2016-05-14
577,2016,2,5,May,19,15,Sunday,True,2016-05-15
578,2016,2,5,May,20,16,Monday,False,2016-05-16
579,2016,2,5,May,20,17,Tuesday,False,2016-05-17
580,2016,2,5,May,20,18,Wednesday,False,2016-05-18
581,2016,2,5,May,20,19,Thursday,False,2016-05-19
582,2016,2,5,May,20,20,Friday,False,2016-05-20
583,2016,2,5,May,20,21,Saturday,True,2016-05-21
584,2016,2,5,May,20,22,Sunday,True,2016-05-22
585,2016,2,5,May,21,23,Monday,False,2016-05-23
586,2016,2,5,May,21,24,Tuesday,False,2016-05-24
587,2016,2,5,May,21,25,Wednesday,False,2016-05-25
588,2016,2,5,May,21,26,Thursday,False,2016-05-26
589,2016,2,5,May,21,27,Friday,False,2016-05-27
590,2016,2,5,May,21,28,Saturday,True,2016-05-28
591,2016,2,5,May,21,29,Sunday,True,2016-05-29
592,2016,2,5,May,22,30,Monday,False,2016-05-30
593,2016,2,5,May,22,31,Tuesday,False,2016-05-31
594,2016,2,6,June,22,1,Wednesday,False,2016-06-01
595,2016,2,6,June,22,2,Thursday,False,2016-06-02
596,2016,2,6,June,22,3,Friday,False,2016-06-03
597,2016,2,6,June,22,4,Saturday,True,2016-06-04
598,2016,2,6,June,22,5,Sunday,True,2016-06-05
599,2016,2,6,June,23,6,Monday,False,2016-06-06
600,2016,2,6,June,23,7,Tuesday,False,2016-06-07
601,2016,2,6,June,23,8,Wednesday,False,2016-06-08
602,2016,2,6,June,23,9,Thursday,False,2016-06-09
603,2016,2,6,June,23,10,Friday,False,2016-06-10
604,2016,2,6,June,23,11,Saturday,True,2016-06-11
605,2016,2,6,June,23,12,Sunday,True,2016-06-12
606,2016,2,6,June,24,13,Monday,False,2016-06-13
607,2016,2,6,June,24,14,Tuesday,False,2016-06-14
608,2016,2,6,June,24,15,Wednesday,False,2016-06-15
609,2016,2,6,June,24,16,Thursday,False,2016-06-16
610,2016,2,6,June,24,17,Friday,False,2016-06-17
611,2016,2,6,June,24,18,Saturday,True,2016-06-18
612,2016,2,6,June,24,19,Sunday,True,2016-06-19
613,2016,2,6,June,25,20,Monday,False,2016-06-20
614,2016,2,6,June,25,21,Tuesday,False,2016-06-21
615,2016,2,6,June,25,22,Wednesday,False,2016-06-22
616,2016,2,6,June,25,23,Thursday,False,2016-06-23
617,2016,2,6,June,25,24,Friday,False,2016-06-24
618,2016,2,6,June,25,25,Saturday,True,2016-06-25
619,2016,2,6,June,25,26,Sunday,True,2016-06-26
620,2016,2,6,June,26,27,Monday,False,2016-06-27
621,2016,2,6,June,26,28,Tuesday,False,2016-06-28
622,2016,2,6,June,26,29,Wednesday,False,2016-06-29
623,2016,2,6,June,26,30,Thursday,False,2016-06-30
624,2016,3,7,July,26,1,Friday,False,2016-07-01
625,2016,3,7,July,26,2,Saturday,True,2016-07-02
626,2016,3,7,July,26,3,Sunday,True,2016-07-03
627,2016,3,7,July,27,4,Monday,False,2016-07-04
628,2016,3,7,July,27,5,Tuesday,False,2016-07-05
629,2016,3,7,July,27,6,Wednesday,False,2016-07-06
630,2016,3,7,July,27,7,Thursday,False,2016-07-07
631,2016,3,7,July,27,8,Friday,False,2016-07-08
632,2016,3,7,July,27,9,Saturday,True,2016-07-09
633,2016,3,7,July,27,10,Sunday,True,2016-07-10
634,2016,3,7,July,28,11,Monday,False,2016-07-11
635,2016,3,7,July,28,12,Tuesday,False,2016-07-12
636,2016,3,7,July,28,13,Wednesday,False,2016-07-13
637,2016,3,7,July,28,14,Thursday,False,2016-07-14
638,2016,3,7,July,28,15,Friday,False,2016-07-15
639,2016,3,7,July,28,16,Saturday,True,2016-07-16
640,2016,3,7,July,28,17,Sunday,True,2016-07-17
641,2016,3,7,July,29,18,Monday,False,2016-07-18
642,2016,3,7,July,29,19,Tuesday,False,2016-07-19
643,2016,3,7,July,29,20,Wednesday,False,2016-07-20
644,2016,3,7,July,29,21,Thursday,False,2016-07-21
645,2016,3,7,July,29,22,Friday,False,2016-07-22
646,2016,3,7,July,29,23,Saturday,True,2016-07-23
647,2016,3,7,July,29,24,Sunday,True,2016-07-24
648,2016,3,7,July,30,25,Monday,False,2016-07-25
649,2016,3,7,July,30,26,Tuesday,False,2016-07-26
650,2016,3,7,July,30,27,Wednesday,False,2016-07-27
651,2016,3,7,July,30,28,Thursday,False,2016-07-28
652,2016,3,7,July,30,29,Friday,False,2016-07-29
653,2016,3,7,July,30,30,Saturday,True,2016-07-30
654,2016,3,7,July,30,31,Sunday,True,2016-07-31
655,2016,3,8,August,31,1,Monday,False,2016-08-01
656,2016,3,8,August,31,2,Tuesday,False,2016-08-02
657,2016,3,8,August,31,3,Wednesday,False,2016-08-03
658,2016,3,8,August,31,4,Thursday,False,2016-08-04
659,2016,3,8,August,31,5,Friday,False,2016-08-05
660,2016,3,8,August,31,6,Saturday,True,2016-08-06
661,2016,3,8,August,31,7,Sunday,True,2016-08-07
662,2016,3,8,August,32,8,Monday,False,2016-08-08
663,2016,3,8,August,32,9,Tuesday,False,2016-08-09
664,2016,3,8,August,32,10,Wednesday,False,2016-08-10
665,2016,3,8,August,32,11,Thursday,False,2016-08-11
666,2016,3,8,August,32,12,Friday,False,2016-08-12
667,2016,3,8,August,32,13,Saturday,True,2016-08-13
668,2016,3,8,August,32,14,Sunday,True,2016-08-14
669,2016,3,8,August,33,15,Monday,False,2016-08-15
670,2016,3,8,August,33,16,Tuesday,False,2016-08-16
671,2016,3,8,August,33,17,Wednesday,False,2016-08-17
672,2016,3,8,August,33,18,Thursday,False,2016-08-18
673,2016,3,8,August,33,19,Friday,False,2016-08-19
674,2016,3,8,August,33,20,Saturday,True,2016-08-20
675,2016,3,8,August,33,21,Sunday,True,2016-08-21
676,2016,3,8,August,34,22,Monday,False,2016-08-22
677,2016,3,8,August,34,23,Tuesday,False,2016-08-23
678,2016,3,8,August,34,24,Wednesday,False,2016-08-24
679,2016,3,8,August,34,25,Thursday,False,2016-08-25
680,2016,3,8,August,34,26,Friday,False,2016-08-26
681,2016,3,8,August,34,27,Saturday,True,2016-08-27
682,2016,3,8,August,34,28,Sunday,True,2016-08-28
683,2016,3,8,August,35,29,Monday,False,2016-08-29
684,2016,3,8,August,35,30,Tuesday,False,2016-08-30
685,2016,3,8,August,35,31,Wednesday,False,2016-08-31
686,2016,3,9,September,35,1,Thursday,False,2016-09-01
687,2016,3,9,September,35,2,Friday,False,2016-09-02
688,2016,3,9,September,35,3,Saturday,True,2016-09-03
689,2016,3,9,September,35,4,Sunday,True,2016-09-04
690,2016,3,9,September,36,5,Monday,False,2016-09-05
691,2016,3,9,September,36,6,Tuesday,False,2016-09-06
692,2016,3,9,September,36,7,Wednesday,False,2016-09-07
693,2016,3,9,September,36,8,Thursday,False,2016-09-08
694,2016,3,9,September,36,9,Friday,False,2016-09-09
695,2016,3,9,September,36,10,Saturday,True,2016-09-10
696,2016,3,9,September,36,11,Sunday,True,2016-09-11
697,2016,3,9,September,37,12,Monday,False,2016-09-12
698,2016,3,9,September,37,13,Tuesday,False,2016-09-13
699,2016,3,9,September,37,14,Wednesday,False,2016-09-14
700,2016,3,9,September,37,15,Thursday,False,2016-09-15
701,2016,3,9,September,37,16,Friday,False,2016-09-16
702,2016,3,9,September,37,17,Saturday,True,2016-09-17
703,2016,3,9,September,37,18,Sunday,True,2016-09-18
704,2016,3,9,September,38,19,Monday,False,2016-09-19
705,2016,3,9,September,38,20,Tuesday,False,2016-09-20
706,2016,3,9,September,38,21,Wednesday,False,2016-09-21
707,2016,3,9,September,38,22,Thursday,False,2016-09-22
708,2016,3,9,September,38,23,Friday,False,2016-09-23
709,2016,3,9,September,38,24,Saturday,True,2016-09-24
710,2016,3,9,September,38,25,Sunday,True,2016-09-25
711,2016,3,9,September,39,26,Monday,False,2016-09-26
712,2016,3,9,September,39,27,Tuesday,False,2016-09-27
713,2016,3,9,September,39,28,Wednesday,False,2016-09-28
714,2016,3,9,September,39,29,Thursday,False,2016-09-29
715,2016,3,9,September,39,30,Friday,False,2016-09-30
716,2016,4,10,October,39,1,Saturday,True,2016-10-01
717,2016,4,10,October,39,2,Sunday,True,2016-10-02
718,2016,4,10,October,40,3,Monday,False,2016-10-03
719,2016,4,10,October,40,4,Tuesday,False,2016-10-04
720,2016,4,10,October,40,5,Wednesday,False,2016-10-05
721,2016,4,10,October,40,6,Thursday,False,2016-10-06
722,2016,4,10,October,40,7,Friday,False,2016-10-07
723,2016,4,10,October,40,8,Saturday,True,2016-10-08
724,2016,4,10,October,40,9,Sunday,True,2016-10-09
725,2016,4,10,October,41,10,Monday,False,2016-10-10
726,2016,4,10,October,41,11,Tuesday,False,2016-10-11
727,2016,4,10,October,41,12,Wednesday,False,2016-10-12
728,2016,4,10,October,41,13,Thursday,False,2016-10-13
729,2016,4,10,October,41,14,Friday,False,2016-10-14
730,2016,4,10,October,41,15,Saturday,True,2016-10-15
731,2016,4,10,October,41,16,Sunday,True,2016-10-16
732,2016,4,10,October,42,17,Monday,False,2016-10-17
733,2016,4,10,October,42,18,Tuesday,False,2016-10-18
734,2016,4,10,October,42,19,Wednesday,False,2016-10-19
735,2016,4,10,October,42,20,Thursday,False,2016-10-20
736,2016,4,10,October,42,21,Friday,False,2016-10-21
737,2016,4,10,October,42,22,Saturday,True,2016-10-22
738,2016,4,10,October,42,23,Sunday,True,2016-10-23
739,2016,4,10,October,43,24,Monday,False,2016-10-24
740,2016,4,10,October,43,25,Tuesday,False,2016-10-25
741,2016,4,10,October,43,26,Wednesday,False,2016-10-26
742,2016,4,10,October,43,27,Thursday,False,2016-10-27
743,2016,4,10,October,43,28,Friday,False,2016-10-28
744,2016,4,10,October,43,29,Saturday,True,2016-10-29
745,2016,4,10,October,43,30,Sunday,True,2016-10-30
746,2016,4,10,October,44,31,Monday,False,2016-10-31
747,2016,4,11,November,44,1,Tuesday,False,2016-11-01
748,2016,4,11,November,44,2,Wednesday,False,2016-11-02
749,2016,4,11,November,44,3,Thursday,False,2016-11-03
750,2016,4,11,November,44,4,Friday,False,2016-11-04
751,2016,4,11,November,44,5,Saturday,True,2016-11-05
752,2016,4,11,November,44,6,Sunday,True,2016-11-06
753,2016,4,11,November,45,7,Monday,False,2016-11-07
754,2016,4,11,November,45,8,Tuesday,False,2016-11-08
755,2016,4,11,November,45,9,Wednesday,False,2016-11-09
756,2016,4,11,November,45,10,Thursday,False,2016-11-10
757,2016,4,11,November,45,11,Friday,False,2016-11-11
758,2016,4,11,November,45,12,Saturday,True,2016-11-12
759,2016,4,11,November,45,13,Sunday,True,2016-11-13
760,2016,4,11,November,46,14,Monday,False,2016-11-14
761,2016,4,11,November,46,15,Tuesday,False,2016-11-15
762,2016,4,11,November,46,16,Wednesday,False,2016-11-16
763,2016,4,11,November,46,17,Thursday,False,2016-11-17
764,2016,4,11,November,46,18,Friday,False,2016-11-18
765,2016,4,11,November,46,19,Saturday,True,2016-11-19
766,2016,4,11,November,46,20,Sunday,True,2016-11-20
767,2016,4,11,November,47,21,Monday,False,2016-11-21
768,2016,4,11,November,47,22,Tuesday,False,2016-11-22
769,2016,4,11,November,47,23,Wednesday,False,2016-11-23
770,2016,4,11,November,47,24,Thursday,False,2016-11-24
771,2016,4,11,November,47,25,Friday,False,2016-11-25
772,2016,4,11,November,47,26,Saturday,True,2016-11-26
773,2016,4,11,November,47,27,Sunday,True,2016-11-27
774,2016,4,11,November,48,28,Monday,False,2016-11-28
775,2016,4,11,November,48,29,Tuesday,False,2016-11-29
776,2016,4,11,November,48,30,Wednesday,False,2016-11-30
777,2016,4,12,December,48,1,Thursday,False,2016-12-01
778,2016,4,12,December,48,2,Friday,False,2016-12-02
779,2016,4,12,December,48,3,Saturday,True,2016-12-03
780,2016,4,12,December,48,4,Sunday,True,2016-12-04
781,2016,4,12,December,49,5,Monday,False,2016-12-05
782,2016,4,12,December,49,6,Tuesday,False,2016-12-06
783,2016,4,12,December,49,7,Wednesday,False,2016-12-07
784,2016,4,12,December,49,8,Thursday,False,2016-12-08
785,2016,4,12,December,49,9,Friday,False,2016-12-09
786,2016,4,12,December,49,10,Saturday,True,2016-12-10
787,2016,4,12,December,49,11,Sunday,True,2016-12-11
788,2016,4,12,December,50,12,Monday,False,2016-12-12
789,2016,4,12,December,50,13,Tuesday,False,2016-12-13
790,2016,4,12,December,50,14,Wednesday,False,2016-12-14
791,2016,4,12,December,50,15,Thursday,False,2016-12-15
792,2016,4,12,December,50,16,Friday,False,2016-12-16
793,2016,4,12,December,50,17,Saturday,True,2016-12-17
794,2016,4,12,December,50,18,Sunday,True,2016-12-18
795,2016,4,12,December,51,19,Monday,False,2016-12-19
796,2016,4,12,December,51,20,Tuesday,False,2016-12-20
797,2016,4,12,December,51,21,Wednesday,False,2016-12-21
798,2016,4,12,December,51,22,Thursday,False,2016-12-22
799,2016,4,12,December,51,23,Friday,False,2016-12-23
800,2016,4,12,December,51,24,Saturday,True,2016-12-24
801,2016,4,12,December,51,25,Sunday,True,2016-12-25
802,2016,4,12,December,52,26,Monday,False,2016-12-26
803,2016,4,12,December,52,27,Tuesday,False,2016-12-27
804,2016,4,12,December,52,28,Wednesday,False,2016-12-28
805,2016,4,12,December,52,29,Thursday,False,2016-12-29
806,2016,4,12,December,52,30,Friday,False,2016-12-30
807,2016,4,12,December,52,31,Saturday,True,2016-12-31
808,2017,1,1,January,52,1,Sunday,True,2017-01-01
809,2017,1,1,January,1,2,Monday,False,2017-01-02
810,2017,1,1,January,1,3,Tuesday,False,2017-01-03
811,2017,1,1,January,1,4,Wednesday,False,2017-01-04
812,2017,1,1,January,1,5,Thursday,False,2017-01-05
813,2017,1,1,January,1,6,Friday,False,2017-01-06
814,2017,1,1,January,1,7,Saturday,True,2017-01-07
815,2017,1,1,January,1,8,Sunday,True,2017-01-08
816,2017,1,1,January,2,9,Monday,False,2017-01-09
817,2017,1,1,January,2,10,Tuesday,False,2017-01-10
818,2017,1,1,January,2,11,Wednesday,False,2017-01-11
819,2017,1,1,January,2,12,Thursday,False,2017-01-12
820,2017,1,1,January,2,13,Friday,False,2017-01-13
821,2017,1,1,January,2,14,Saturday,True,2017-01-14
822,2017,1,1,January,2,15,Sunday,True,2017-01-15
823,2017,1,1,January,3,16,Monday,False,2017-01-16
824,2017,1,1,January,3,17,Tuesday,False,2017-01-17
825,2017,1,1,January,3,18,Wednesday,False,2017-01-18
826,2017,1,1,January,3,19,Thursday,False,2017-01-19
827,2017,1,1,January,3,20,Friday,False,2017-01-20
828,2017,1,1,January,3,21,Saturday,True,2017-01-21
829,2017,1,1,January,3,22,Sunday,True,2017-01-22
830,2017,1,1,January,4,23,Monday,False,2017-01-23
831,2017,1,1,January,4,24,Tuesday,False,2017-01-24
832,2017,1,1,January,4,25,Wednesday,False,2017-01-25
833,2017,1,1,January,4,26,Thursday,False,2017-01-26
834,2017,1,1,January,4,27,Friday,False,2017-01-27
835,2017,1,1,January,4,28,Saturday,True,2017-01-28
836,2017,1,1,January,4,29,Sunday,True,2017-01-29
837,2017,1,1,January,5,30,Monday,False,2017-01-30
838,2017,1,1,January,5,31,Tuesday,False,2017-01-31
839,2017,1,2,February,5,1,Wednesday,False,2017-02-01
840,2017,1,2,February,5,2,Thursday,False,2017-02-02
841,2017,1,2,February,5,3,Friday,False,2017-02-03
842,2017,1,2,February,5,4,Saturday,True,2017-02-04
843,2017,1,2,February,5,5,Sunday,True,2017-02-05
844,2017,1,2,February,6,6,Monday,False,2017-02-06
845,2017,1,2,February,6,7,Tuesday,False,2017-02-07
846,2017,1,2,February,6,8,Wednesday,False,2017-02-08
847,2017,1,2,February,6,9,Thursday,False,2017-02-09
848,2017,1,2,February,6,10,Friday,False,2017-02-10
849,2017,1,2,February,6,11,Saturday,True,2017-02-11
850,2017,1,2,February,6,12,Sunday,True,2017-02-12
851,2017,1,2,February,7,13,Monday,False,2017-02-13
852,2017,1,2,February,7,14,Tuesday,False,2017-02-14
853,2017,1,2,February,7,15,Wednesday,False,2017-02-15
854,2017,1,2,February,7,16,Thursday,False,2017-02-16
855,2017,1,2,February,7,17,Friday,False,2017-02-17
856,2017,1,2,February,7,18,Saturday,True,2017-02-18
857,2017,1,2,February,7,19,Sunday,True,2017-02-19
858,2017,1,2,February,8,20,Monday,False,2017-02-20
859,2017,1,2,February,8,21,Tuesday,False,2017-02-21
860,2017,1,2,February,8,22,Wednesday,False,2017-02-22
861,2017,1,2,February,8,23,Thursday,False,2017-02-23
862,2017,1,2,February,8,24,Friday,False,2017-02-24
863,2017,1,2,February,8,25,Saturday,True,2017-02-25
864,2017,1,2,February,8,26,Sunday,True,2017-02-26
865,2017,1,2,February,9,27,Monday,False,2017-02-27
866,2017,1,2,February,9,28,Tuesday,False,2017-02-28
867,2017,1,3,March,9,1,Wednesday,False,2017-03-01
868,2017,1,3,March,9,2,Thursday,False,2017-03-02
869,2017,1,3,March,9,3,Friday,False,2017-03-03
870,2017,1,3,March,9,4,Saturday,True,2017-03-04
871,2017,1,3,March,9,5,Sunday,True,2017-03-05
872,2017,1,3,March,10,6,Monday,False,2017-03-06
873,2017,1,3,March,10,7,Tuesday,False,2017-03-07
874,2017,1,3,March,10,8,Wednesday,False,2017-03-08
875,2017,1,3,March,10,9,Thursday,False,2017-03-09
876,2017,1,3,March,10,10,Friday,False,2017-03-10
877,2017,1,3,March,10,11,Saturday,True,2017-03-11
878,2017,1,3,March,10,12,Sunday,True,2017-03-12
879,2017,1,3,March,11,13,Monday,False,2017-03-13
880,2017,1,3,March,11,14,Tuesday,False,2017-03-14
881,2017,1,3,March,11,15,Wednesday,False,2017-03-15
882,2017,1,3,March,11,16,Thursday,False,2017-03-16
883,2017,1,3,March,11,17,Friday,False,2017-03-17
884,2017,1,3,March,11,18,Saturday,True,2017-03-18
885,2017,1,3,March,11,19,Sunday,True,2017-03-19
886,2017,1,3,March,12,20,Monday,False,2017-03-20
887,2017,1,3,March,12,21,Tuesday,False,2017-03-21
888,2017,1,3,March,12,22,Wednesday,False,2017-03-22
889,2017,1,3,March,12,23,Thursday,False,2017-03-23
890,2017,1,3,March,12,24,Friday,False,2017-03-24
891,2017,1,3,March,12,25,Saturday,True,2017-03-25
892,2017,1,3,March,12,26,Sunday,True,2017-03-26
893,2017,1,3,March,13,27,Monday,False,2017-03-27
894,2017,1,3,March,13,28,Tuesday,False,2017-03-28
895,2017,1,3,March,13,29,Wednesday,False,2017-03-29
896,2017,1,3,March,13,30,Thursday,False,2017-03-30
897,2017,1,3,March,13,31,Friday,False,2017-03-31
898,2017,2,4,April,13,1,Saturday,True,2017-04-01
899,2017,2,4,April,13,2,Sunday,True,2017-04-02
900,2017,2,4,April,14,3,Monday,False,2017-04-03
901,2017,2,4,April,14,4,Tuesday,False,2017-04-04
902,2017,2,4,April,14,5,Wednesday,False,2017-04-05
903,2017,2,4,April,14,6,Thursday,False,2017-04-06
904,2017,2,4,April,14,7,Friday,False,2017-04-07
905,2017,2,4,April,14,8,Saturday,True,2017-04-08
906,2017,2,4,April,14,9,Sunday,True,2017-04-09
907,2017,2,4,April,15,10,Monday,False,2017-04-10
908,2017,2,4,April,15,11,Tuesday,False,2017-04-11
909,2017,2,4,April,15,12,Wednesday,False,2017-04-12
910,2017,2,4,April,15,13,Thursday,False,2017-04-13
911,2017,2,4,April,15,14,Friday,False,2017-04-14
912,2017,2,4,April,15,15,Saturday,True,2017-04-15
913,2017,2,4,April,15,16,Sunday,True,2017-04-16
914,2017,2,4,April,16,17,Monday,False,2017-04-17
915,2017,2,4,April,16,18,Tuesday,False,2017-04-18
916,2017,2,4,April,16,19,Wednesday,False,2017-04-19
917,2017,2,4,April,16,20,Thursday,False,2017-04-20
918,2017,2,4,April,16,21,Friday,False,2017-04-21
919,2017,2,4,April,16,22,Saturday,True,2017-04-22
920,2017,2,4,April,16,23,Sunday,True,2017-04-23
921,2017,2,4,April,17,24,Monday,False,2017-04-24
922,2017,2,4,April,17,25,Tuesday,False,2017-04-25
923,2017,2,4,April,17,26,Wednesday,False,2017-04-26
924,2017,2,4,April,17,27,Thursday,False,2017-04-27
925,2017,2,4,April,17,28,Friday,False,2017-04-28
926,2017,2,4,April,17,29,Saturday,True,2017-04-29
927,2017,2,4,April,17,30,Sunday,True,2017-04-30
928,2017,2,5,May,18,1,Monday,False,2017-05-01
929,2017,2,5,May,18,2,Tuesday,False,2017-05-02
930,2017,2,5,May,18,3,Wednesday,False,2017-05-03
931,2017,2,5,May,18,4,Thursday,False,2017-05-04
932,2017,2,5,May,18,5,Friday,False,2017-05-05
933,2017,2,5,May,18,6,Saturday,True,2017-05-06
934,2017,2,5,May,18,7,Sunday,True,2017-05-07
935,2017,2,5,May,19,8,Monday,False,2017-05-08
936,2017,2,5,May,19,9,Tuesday,False,2017-05-09
937,2017,2,5,May,19,10,Wednesday,False,2017-05-10
938,2017,2,5,May,19,11,Thursday,False,2017-05-11
939,2017,2,5,May,19,12,Friday,False,2017-05-12
940,2017,2,5,May,19,13,Saturday,True,2017-05-13
941,2017,2,5,May,19,14,Sunday,True,2017-05-14
942,2017,2,5,May,20,15,Monday,False,2017-05-15
943,2017,2,5,May,20,16,Tuesday,False,2017-05-16
944,2017,2,5,May,20,17,Wednesday,False,2017-05-17
945,2017,2,5,May,20,18,Thursday,False,2017-05-18
946,2017,2,5,May,20,19,Friday,False,2017-05-19
947,2017,2,5,May,20,20,Saturday,True,2017-05-20
948,2017,2,5,May,20,21,Sunday,True,2017-05-21
949,2017,2,5,May,21,22,Monday,False,2017-05-22
950,2017,2,5,May,21,23,Tuesday,False,2017-05-23
951,2017,2,5,May,21,24,Wednesday,False,2017-05-24
952,2017,2,5,May,21,25,Thursday,False,2017-05-25
953,2017,2,5,May,21,26,Friday,False,2017-05-26
954,2017,2,5,May,21,27,Saturday,True,2017-05-27
955,2017,2,5,May,21,28,Sunday,True,2017-05-28
956,2017,2,5,May,22,29,Monday,False,2017-05-29
957,2017,2,5,May,22,30,Tuesday,False,2017-05-30
958,2017,2,5,May,22,31,Wednesday,False,2017-05-31
959,2017,2,6,June,22,1,Thursday,False,2017-06-01
960,2017,2,6,June,22,2,Friday,False,2017-06-02
961,2017,2,6,June,22,3,Saturday,True,2017-06-03
962,2017,2,6,June,22,4,Sunday,True,2017-06-04
963,2017,2,6,June,23,5,Monday,False,2017-06-05
964,2017,2,6,June,23,6,Tuesday,False,2017-06-06
965,2017,2,6,June,23,7,Wednesday,False,2017-06-07
966,2017,2,6,June,23,8,Thursday,False,2017-06-08
967,2017,2,6,June,23,9,Friday,False,2017-06-09
968,2017,2,6,June,23,10,Saturday,True,2017-06-10
969,2017,2,6,June,23,11,Sunday,True,2017-06-11
970,2017,2,6,June,24,12,Monday,False,2017-06-12
971,2017,2,6,June,24,13,Tuesday,False,2017-06-13
972,2017,2,6,June,24,14,Wednesday,False,2017-06-14
973,2017,2,6,June,24,15,Thursday,False,2017-06-15
974,2017,2,6,June,24,16,Friday,False,2017-06-16
975,2017,2,6,June,24,17,Saturday,True,2017-06-17
976,2017,2,6,June,24,18,Sunday,True,2017-06-18
977,2017,2,6,June,25,19,Monday,False,2017-06-19
978,2017,2,6,June,25,20,Tuesday,False,2017-06-20
979,2017,2,6,June,25,21,Wednesday,False,2017-06-21
980,2017,2,6,June,25,22,Thursday,False,2017-06-22
981,2017,2,6,June,25,23,Friday,False,2017-06-23
982,2017,2,6,June,25,24,Saturday,True,2017-06-24
983,2017,2,6,June,25,25,Sunday,True,2017-06-25
984,2017,2,6,June,26,26,Monday,False,2017-06-26
985,2017,2,6,June,26,27,Tuesday,False,2017-06-27
986,2017,2,6,June,26,28,Wednesday,False,2017-06-28
987,2017,2,6,June,26,29,Thursday,False,2017-06-29
988,2017,2,6,June,26,30,Friday,False,2017-06-30
989,2017,3,7,July,26,1,Saturday,True,2017-07-01
990,2017,3,7,July,26,2,Sunday,True,2017-07-02
991,2017,3,7,July,27,3,Monday,False,2017-07-03
992,2017,3,7,July,27,4,Tuesday,False,2017-07-04
993,2017,3,7,July,27,5,Wednesday,False,2017-07-05
994,2017,3,7,July,27,6,Thursday,False,2017-07-06
995,2017,3,7,July,27,7,Friday,False,2017-07-07
996,2017,3,7,July,27,8,Saturday,True,2017-07-08
997,2017,3,7,July,27,9,Sunday,True,2017-07-09
998,2017,3,7,July,28,10,Monday,False,2017-07-10
999,2017,3,7,July,28,11,Tuesday,False,2017-07-11
1000,2017,3,7,July,28,12,Wednesday,False,2017-07-12
1001,2017,3,7,July,28,13,Thursday,False,2017-07-13
1002,2017,3,7,July,28,14,Friday,False,2017-07-14
1003,2017,3,7,July,28,15,Saturday,True,2017-07-15
1004,2017,3,7,July,28,16,Sunday,True,2017-07-16
1005,2017,3,7,July,29,17,Monday,False,2017-07-17
1006,2017,3,7,July,29,18,Tuesday,False,2017-07-18
1007,2017,3,7,July,29,19,Wednesday,False,2017-07-19
1008,2017,3,7,July,29,20,Thursday,False,2017-07-20
1009,2017,3,7,July,29,21,Friday,False,2017-07-21
1010,2017,3,7,July,29,22,Saturday,True,2017-07-22
1011,2017,3,7,July,29,23,Sunday,True,2017-07-23
1012,2017,3,7,July,30,24,Monday,False,2017-07-24
1013,2017,3,7,July,30,25,Tuesday,False,2017-07-25
1014,2017,3,7,July,30,26,Wednesday,False,2017-07-26
1015,2017,3,7,July,30,27,Thursday,False,2017-07-27
1016,2017,3,7,July,30,28,Friday,False,2017-07-28
1017,2017,3,7,July,30,29,Saturday,True,2017-07-29
1018,2017,3,7,July,30,30,Sunday,True,2017-07-30
1019,2017,3,7,July,31,31,Monday,False,2017-07-31
1020,2017,3,8,August,31,1,Tuesday,False,2017-08-01
1021,2017,3,8,August,31,2,Wednesday,False,2017-08-02
1022,2017,3,8,August,31,3,Thursday,False,2017-08-03
1023,2017,3,8,August,31,4,Friday,False,2017-08-04
1024,2017,3,8,August,31,5,Saturday,True,2017-08-05
1025,2017,3,8,August,31,6,Sunday,True,2017-08-06
1026,2017,3,8,August,32,7,Monday,False,2017-08-07
1027,2017,3,8,August,32,8,Tuesday,False,2017-08-08
1028,2017,3,8,August,32,9,Wednesday,False,2017-08-09
1029,2017,3,8,August,32,10,Thursday,False,2017-08-10
1030,2017,3,8,August,32,11,Friday,False,2017-08-11
1031,2017,3,8,August,32,12,Saturday,True,2017-08-12
1032,2017,3,8,August,32,13,Sunday,True,2017-08-13
1033,2017,3,8,August,33,14,Monday,False,2017-08-14
1034,2017,3,8,August,33,15,Tuesday,False,2017-08-15
1035,2017,3,8,August,33,16,Wednesday,False,2017-08-16
1036,2017,3,8,August,33,17,Thursday,False,2017-08-17
1037,2017,3,8,August,33,18,Friday,False,2017-08-18
1038,2017,3,8,August,33,19,Saturday,True,2017-08-19
1039,2017,3,8,August,33,20,Sunday,True,2017-08-20
1040,2017,3,8,August,34,21,Monday,False,2017-08-21
1041,2017,3,8,August,34,22,Tuesday,False,2017-08-22
1042,2017,3,8,August,34,23,Wednesday,False,2017-08-23
1043,2017,3,8,August,34,24,Thursday,False,2017-08-24
1044,2017,3,8,August,34,25,Friday,False,2017-08-25
1045,2017,3,8,August,34,26,Saturday,True,2017-08-26
1046,2017,3,8,August,34,27,Sunday,True,2017-08-27
1047,2017,3,8,August,35,28,Monday,False,2017-08-28
1048,2017,3,8,August,35,29,Tuesday,False,2017-08-29
1049,2017,3,8,August,35,30,Wednesday,False,2017-08-30
1050,2017,3,8,August,35,31,Thursday,False,2017-08-31
1051,2017,3,9,September,35,1,Friday,False,2017-09-01
1052,2017,3,9,September,35,2,Saturday,True,2017-09-02
1053,2017,3,9,September,35,3,Sunday,True,2017-09-03
1054,2017,3,9,September,36,4,Monday,False,2017-09-04
1055,2017,3,9,September,36,5,Tuesday,False,2017-09-05
1056,2017,3,9,September,36,6,Wednesday,False,2017-09-06
1057,2017,3,9,September,36,7,Thursday,False,2017-09-07
1058,2017,3,9,September,36,8,Friday,False,2017-09-08
1059,2017,3,9,September,36,9,Saturday,True,2017-09-09
1060,2017,3,9,September,36,10,Sunday,True,2017-09-10
1061,2017,3,9,September,37,11,Monday,False,2017-09-11
1062,2017,3,9,September,37,12,Tuesday,False,2017-09-12
1063,2017,3,9,September,37,13,Wednesday,False,2017-09-13
1064,2017,3,9,September,37,14,Thursday,False,2017-09-14
